Found,Relevant
Science Direct,Science Direct
Science Direct,Science Direct
Science Direct,Science Direct
Science Direct,Springer
Science Direct,Springer
Springer,Springer
Springer,Springer
Springer,Springer
Springer,Springer
Springer,Springer
Springer,Research Gate
Springer,Research Gate
Springer,Research Gate
Springer,Research Gate
Springer,Research Gate
Research Gate,Research Gate
Research Gate,Research Gate
Research Gate,Research Gate
Research Gate,Research Gate
Research Gate,Research Gate
Research Gate,Research Gate
Research Gate,IEEE
Research Gate,IEEE
Research Gate,IEEE
Research Gate,IEEE
Research Gate,IEEE
Research Gate,IEEE
Research Gate,IEEE
Research Gate,IEEE
IEEE,IEEE
IEEE,IEEE
IEEE,IEEE
IEEE,IEEE
IEEE,IEEE
IEEE,WOS
IEEE,WOS
IEEE,WOS
IEEE,WOS
IEEE,WOS
IEEE,WOS
IEEE,WOS
IEEE,WOS
IEEE,WOS
IEEE,WOS
IEEE,WOS
IEEE,WOS
IEEE,WOS
WOS,WOS
WOS,WOS
WOS,WOS
WOS,WOS
WOS,WOS
WOS,WOS
WOS,WOS
WOS,WOS
WOS,Arxiv
WOS,Arxiv
WOS,Arxiv
WOS,Arxiv
WOS,Arxiv
WOS,Arxiv
WOS,Arxiv
WOS,Arxiv
WOS,Arxiv
WOS,Arxiv
WOS,Arxiv
WOS,Arxiv
WOS,Arxiv
WOS,Arxiv
WOS,
WOS,
WOS,
WOS,
WOS,
WOS,
WOS,
Arxiv,
Arxiv,
Arxiv,
Arxiv,
Arxiv,
Arxiv,
Arxiv,
Arxiv,
Arxiv,
Arxiv,
Arxiv,
Arxiv,
Arxiv,
Arxiv,
Arxiv,
Arxiv,
Arxiv,
Arxiv,
Arxiv,
Arxiv,
Arxiv,
Arxiv,
